{"rmse": 1.2569570593663528, "mae": 0.5850282828282831, "r2": 0.8350681273274769}